first_name;last_name;age
Arthur;morgan;32
jordan;morgan;32
micah;morgan;32
Arthur;morgan;32
jordan;morgan;32
micah;morgan;32
Arthur;morgan;32
jordan;morgan;32
micah;morgan;32
Arthur;morgan;32
jordan;morgan;32
micah;morgan;32
Arthur;morgan;32
jordan;morgan;32
micah;morgan;32
Arthur;morgan;32
jordan;morgan;32
micah;morgan;32
Arthur;morgan;32
jordan;morgan;32
micah;morgan;32
Arthur;morgan;32
jordan;morgan;32
micah;morgan;32
Arthur;morgan;32
jordan;morgan;32
micah;morgan;32
Arthur;morgan;32
jordan;morgan;32
micah;morgan;32
Arthur;morgan;32
jordan;morgan;32
micah;morgan;32
Arthur;morgan;32
jordan;morgan;32
micah;morgan;32
Arthur;morgan;32
jordan;morgan;32
micah;morgan;32
Arthur;morgan;32
jordan;morgan;32
micah;morgan;32
Arthur;morgan;32
jordan;morgan;32
micah;morgan;32
